[{"model": "shop.product", "pk": 1, "fields": {"product_name": "tomato pizza", "category": "Pizza", "subcategory": "veg", "price": 100, "desc": "veg tomato regular size pizza", "pub_date": "2021-02-18", "image": "shop/images/tomato-pizza.jpg"}}, {"model": "shop.product", "pk": 2, "fields": {"product_name": "paneer pizza", "category": "Pizza", "subcategory": "veg", "price": 115, "desc": "veg paneer regular size pizza", "pub_date": "2021-02-18", "image": "shop/images/paneer-pizza.jpg"}}, {"model": "shop.product", "pk": 3, "fields": {"product_name": "Masala Dosa", "category": "South Indian", "subcategory": "Dosa", "price": 110, "desc": "Masala dosa is crispy rice & lentil crepes that are stuffed with a spiced potato filling", "pub_date": "2021-02-18", "image": "shop/images/masala_dosa.jfif"}}, {"model": "shop.product", "pk": 4, "fields": {"product_name": "Non-veg tomato pizza", "category": "Pizza", "subcategory": "Non-veg", "price": 150, "desc": "Non-veg tomato regular size pizza", "pub_date": "2021-02-18", "image": "shop/images/nonVegTomato.jfif"}}, {"model": "shop.product", "pk": 5, "fields": {"product_name": "Non-veg Paneer pizza", "category": "Pizza", "subcategory": "Non-veg", "price": 170, "desc": "Non-veg Paneer regular size pizza", "pub_date": "2021-02-18", "image": "shop/images/Non-veg-Paneer-tikka-pizza.jpg"}}, {"model": "shop.product", "pk": 6, "fields": {"product_name": "Veg Loaded pizza", "category": "Pizza", "subcategory": "veg", "price": 135, "desc": "veg Loaded regular size pizza", "pub_date": "2021-02-18", "image": "shop/images/vegLoaded.jpg"}}, {"model": "shop.product", "pk": 7, "fields": {"product_name": "Non-veg Loaded pizza", "category": "Pizza", "subcategory": "Non-veg", "price": 200, "desc": "Non-veg Loaded regular size pizza", "pub_date": "2021-02-18", "image": "shop/images/nonVegLoaded.jfif"}}, {"model": "shop.product", "pk": 8, "fields": {"product_name": "Margherita pizza", "category": "Pizza", "subcategory": "veg", "price": 150, "desc": "veg Margherita regular size pizza", "pub_date": "2021-02-19", "image": "shop/images/margherita-pizza.jpeg"}}, {"model": "shop.product", "pk": 9, "fields": {"product_name": "Non-veg Margherita pizza", "category": "Pizza", "subcategory": "Non-veg", "price": 175, "desc": "Non-veg Margherita regular size pizza", "pub_date": "2021-02-19", "image": "shop/images/chicken-margherita.png"}}, {"model": "shop.product", "pk": 10, "fields": {"product_name": "Capsicum pizza", "category": "Pizza", "subcategory": "veg", "price": 75, "desc": "veg capsicum regular size pizza", "pub_date": "2021-02-19", "image": "shop/images/capsicum_veg.jpg"}}, {"model": "shop.product", "pk": 11, "fields": {"product_name": "Non-veg Capsicum pizza", "category": "Pizza", "subcategory": "Non-veg", "price": 110, "desc": "Non-veg capsicum regular size pizza", "pub_date": "2021-02-19", "image": "shop/images/capsicum_non-veg.jfif"}}, {"model": "shop.product", "pk": 12, "fields": {"product_name": "Coconut Shrimp", "category": "Appetizers, Starters & Party Food", "subcategory": "Appetizer", "price": 250, "desc": "Succulent prawns in a crispy coconut and panko coating, fried to golden perfection! Fantastic as an appetizer or served with fried rice.", "pub_date": "2021-03-04", "image": "shop/images/Coconut-prawns-square-FS-5-360x480.jpg"}}, {"model": "shop.product", "pk": 13, "fields": {"product_name": "Onion Bhaji", "category": "Appetizers, Starters & Party Food", "subcategory": "side dish", "price": 150, "desc": "Finely sliced onion smothered in a simple, fragrantly spiced batter and fried to crispy perfection. They're also naturally gluten free!", "pub_date": "2021-03-04", "image": "shop/images/Onion-Bhaji-square-FS-23-360x480.jpg"}}, {"model": "shop.product", "pk": 14, "fields": {"product_name": "Roasted Vegetable Soup", "category": "Appetizers, Starters & Party Food", "subcategory": "Soup", "price": 124, "desc": "Oven cooking the veg until golden and caramelized adds lots of extra flavour to this comforting soup. Add parmesan for a creamy finish!", "pub_date": "2021-03-04", "image": "shop/images/Roasted-Vegetable-Soup-square-FS-9348-360x480.jpg"}}, {"model": "shop.product", "pk": 15, "fields": {"product_name": "Vegetarian Sausage Rolls", "category": "Appetizers, Starters & Party Food", "subcategory": "Appetizer", "price": 99, "desc": "A simple pastry treat for vegetarians and meat-eaters alike. Really easy to make at the same time as meaty sausage rolls - to keep all your guests happy.", "pub_date": "2021-03-04", "image": "shop/images/Vegetarian-Sausage-Rolls-square-FS-360x480.jpeg"}}, {"model": "shop.product", "pk": 16, "fields": {"product_name": "Crispy Baked Chicken Wings", "category": "Appetizers, Starters & Party Food", "subcategory": "Appetizer & Party Food", "price": 149, "desc": "The crispiest chicken wings baked in the oven. The skin is deliciously crisp and salty, with tender meat on the inside. No deep frying required!", "pub_date": "2021-03-04", "image": "shop/images/Crispy-Chicken-Wings-Square-FS-65-360x480.jpg"}}, {"model": "shop.product", "pk": 17, "fields": {"product_name": "Cranberry Brie Bites", "category": "Appetizers, Starters & Party Food", "subcategory": "Snacks", "price": 78, "desc": "Cranberry Brie bites - a super simple appetizer or party snack that always gets polished off in minutes!", "pub_date": "2021-03-04", "image": "shop/images/Cranberry-and-Brie-Bites-square2-360x480.jpeg"}}, {"model": "shop.product", "pk": 18, "fields": {"product_name": "Chicken Pakora", "category": "Appetizers, Starters & Party Food", "subcategory": "Appetizer, Snacks", "price": 149, "desc": "Tender chicken marinated in a blend of fragrant spices then coated in a light batter and fried until beautifully golden and crisp.", "pub_date": "2021-03-04", "image": "shop/images/Chicken-Pakoras-square-FS-62-360x480.jpg"}}, {"model": "shop.product", "pk": 19, "fields": {"product_name": "Cream of Broccoli Soup", "category": "Appetizers, Starters & Party Food", "subcategory": "Soup", "price": 111, "desc": "Cream of Broccoli soup - with kale and cauliflower, plus a good handful of cheddar cheese. A real comfort food favourite!", "pub_date": "2021-03-04", "image": "shop/images/Broccoli-cheese-soup-with-bacon-fat-croutons-square-FS-360x480.jpeg"}}, {"model": "shop.product", "pk": 20, "fields": {"product_name": "Khandvi", "category": "Appetizers, Starters & Party Food", "subcategory": "Starters", "price": 75, "desc": "Also known as Patuli, Khandvi is a popular Gujarati as well as Maharashtrian savoury snack recipe that has a huge fan following across the borders. It is primarily made from sour yogurt and gram flour", "pub_date": "2021-03-04", "image": "shop/images/IMG_0589.jpg"}}, {"model": "shop.product", "pk": 21, "fields": {"product_name": "Punjabi Samosa", "category": "Appetizers, Starters & Party Food", "subcategory": "Starters", "price": 55, "desc": "The most favourite tea time snack across the country, Samosas are Indian snacks with delicious pockets of dough stuffed with a potato mixture and spices, deep fried. You cannot have a better snack opt", "pub_date": "2021-03-04", "image": "shop/images/Punjabi-samosa.jpg"}}, {"model": "shop.product", "pk": 22, "fields": {"product_name": "Veg Manchurian", "category": "Appetizers, Starters & Party Food", "subcategory": "Starters", "price": 120, "desc": "Gobi Manchurian is an Indian Chinese fried cauliflower dish. Gobi Manchurian is the result of the adaptation of Chinese cooking and seasoning techniques to suit Indian tastes and has become a staple o", "pub_date": "2021-03-04", "image": "shop/images/manchurian.jfif"}}, {"model": "shop.product", "pk": 23, "fields": {"product_name": "Paneer Chilly", "category": "Appetizers, Starters & Party Food", "subcategory": "Starters", "price": 125, "desc": "chilli paneer is a Indo chinese starter or appetizer made by tossing fried paneer in sweet sour and spicy chilli sauce.", "pub_date": "2021-03-04", "image": "shop/images/paneer_chilliy.jfif"}}, {"model": "shop.product", "pk": 24, "fields": {"product_name": "French fries", "category": "Appetizers, Starters & Party Food", "subcategory": "Snacks", "price": 79, "desc": "French fries, or simply fries, chips, finger chips, or French-fried potatoes, are batonnet or allumette-cut deep-fried potatoes.", "pub_date": "2021-03-04", "image": "shop/images/fries.jfif"}}, {"model": "shop.product", "pk": 25, "fields": {"product_name": "Veg Cutlet", "category": "Appetizers, Starters & Party Food", "subcategory": "Snacks", "price": 79, "desc": "Veg Cutlet are Indian tea time snack made using a variety of vegetables. These are mostly fried until crisp and browned but you can definitely bake or air fry or bake them for a healthier version.", "pub_date": "2021-03-04", "image": "shop/images/Veg_Cutlet.jfif"}}, {"model": "shop.product", "pk": 26, "fields": {"product_name": "Idli Sambhar", "category": "South Indian", "subcategory": "Idli", "price": 55, "desc": "This is type of savoury rice cake. The cakes are made by steaming a batter consisting of fermented black lentils (de-husked) and rice.", "pub_date": "2021-03-04", "image": "shop/images/Idli_Sambhar.jpg"}}, {"model": "shop.product", "pk": 27, "fields": {"product_name": "Vada Sambhar", "category": "South Indian", "subcategory": "Vada", "price": 55, "desc": "Medu vada is a South Indian fritter made from Vigna mungo (black lentil or urad dal). It is usually made in a doughnut shape, with a crispy exterior and soft interior.", "pub_date": "2021-03-04", "image": "shop/images/Vada_Sambhar.jpg"}}, {"model": "shop.product", "pk": 28, "fields": {"product_name": "Upama", "category": "South Indian", "subcategory": "Upama", "price": 70, "desc": "Upma, uppumavu or uppittu is a dish originating from the Indian subcontinent, most common in Kerala, Andhra Pradesh, Tamil Nadu, Karnataka, Maharashtrian, Gujarat, Odia and Sri Lankan Tamil breakfast,", "pub_date": "2021-03-04", "image": "shop/images/Upma.jpg"}}, {"model": "shop.product", "pk": 29, "fields": {"product_name": "Onion Uttapa", "category": "South Indian", "subcategory": "Uttapa", "price": 89, "desc": "A thick pancake made from rice flour to which onions which are added during cooking.", "pub_date": "2021-03-04", "image": "shop/images/onion.jpg"}}, {"model": "shop.product", "pk": 30, "fields": {"product_name": "Paper Masala Dosa", "category": "South Indian", "subcategory": "Dosa", "price": 135, "desc": "Paper Masala dosa is crispy rice & lentil crepes that are stuffed with a spiced potato filling. It is quite thin in nature.", "pub_date": "2021-03-04", "image": "shop/images/Paper_Masala_Dosa.jpg"}}, {"model": "shop.product", "pk": 31, "fields": {"product_name": "Masala Uttapa", "category": "South Indian", "subcategory": "Uttapa", "price": 100, "desc": "A thick pancake made from rice flour to which onions, tomatoes, chillies, and other vegetables are added during cooking", "pub_date": "2021-03-04", "image": "shop/images/Masala_Uttapa.webp"}}, {"model": "shop.product", "pk": 32, "fields": {"product_name": "Paper Dosa", "category": "South Indian", "subcategory": "Dosa", "price": 50, "desc": "Enjoy thin dosa with sambar and chutney.", "pub_date": "2021-03-04", "image": "shop/images/Paper_dosa.jfif"}}, {"model": "shop.product", "pk": 33, "fields": {"product_name": "Cheese Uttapam", "category": "South Indian", "subcategory": "Uttapa", "price": 150, "desc": "Cheese uttapam û delicious fusion of south indian & Italian cuisine.", "pub_date": "2021-03-04", "image": "shop/images/Cheese_Uttapam.webp"}}, {"model": "shop.product", "pk": 34, "fields": {"product_name": "Manchow soup", "category": "Appetizers, Starters & Party Food", "subcategory": "Soup", "price": 99, "desc": "Manchow soup is a soup popular in Indian Chinese cuisine due to its easy preparation and hot spicy taste. It is available in many restaurants and street food carts alike. Although the soup is named af", "pub_date": "2021-03-04", "image": "shop/images/m_soup.jfif"}}, {"model": "shop.product", "pk": 35, "fields": {"product_name": "Aloo Tikki Burger", "category": "Burger", "subcategory": "veg", "price": 59, "desc": "Aloo tikki burger recipe where crisp golden potato patties are sandwiched in burger buns and then topped with veggies and spiced with chutneys. Good to look at and good to eat too.", "pub_date": "2021-03-14", "image": "shop/images/aloo-tikki-burger-500x500.jpg"}}, {"model": "shop.product", "pk": 36, "fields": {"product_name": "King Latte", "category": "Coffee", "subcategory": "Hot Coffee", "price": 189, "desc": "Light, hot coffee, with 2 shots of espresso in steamed milk.", "pub_date": "2021-03-15", "image": "shop/images/King_Latte.jfif"}}, {"model": "shop.product", "pk": 37, "fields": {"product_name": "Filter Coffee", "category": "Coffee", "subcategory": "Hot Coffee", "price": 159, "desc": "Hot Coffee.      A classic Indian style coffee, which will remind you of Chikmagalurs coffee plantations.", "pub_date": "2021-03-15", "image": "shop/images/Filter_Coffee.jfif"}}, {"model": "shop.product", "pk": 38, "fields": {"product_name": "White Chocolate King Cappuccino", "category": "Coffee", "subcategory": "Hot Coffee", "price": 199, "desc": "Hot Coffee.     A cappuccino brewed with the zesty magic of tangerines and the delightful creaminess of white chocolate", "pub_date": "2021-03-15", "image": "shop/images/White_Chocolate_King_Cappuccino.jfif"}}, {"model": "shop.product", "pk": 39, "fields": {"product_name": "Turmeric Ginger King Cappuccino", "category": "Coffee", "subcategory": "Hot Coffee", "price": 199, "desc": "Hot Coffee.      A cappuccino brewed with the antioxidant properties of turmeric combined with refreshing notes of ginger", "pub_date": "2021-03-15", "image": "shop/images/Turmeric_Ginger_King_Cappuccino.jfif"}}, {"model": "shop.product", "pk": 40, "fields": {"product_name": "Cold Devils Own", "category": "Coffee", "subcategory": "Cold Coffee", "price": 249, "desc": "Cold Coffee.  Rich and creamy cold coffee with sinful chocolate sauce, topped with whipped cream", "pub_date": "2021-03-15", "image": "shop/images/Cold_Devils_Own.jfif"}}, {"model": "shop.product", "pk": 41, "fields": {"product_name": "Crunchy Frappe", "category": "Coffee", "subcategory": "Cold Coffee", "price": 209, "desc": "Cold Coffee.  Sinfully rich cocoa drink loaded with crunchy Oreo cookies", "pub_date": "2021-03-15", "image": "shop/images/Crunchy_Frappe.jfif"}}, {"model": "shop.product", "pk": 42, "fields": {"product_name": "Ultimate Cheesecake Frappe", "category": "Coffee", "subcategory": "Cold Coffee", "price": 219, "desc": "Cold Coffee.  Refresh yourself with a cool blend of Cheesecake sauce , espresso, milk & cream, topped with the goodness of whipped cream", "pub_date": "2021-03-15", "image": "shop/images/Ultimate_Cheesecake_Frappe.jfif"}}, {"model": "shop.product", "pk": 43, "fields": {"product_name": "Thums Up", "category": "Drinks", "subcategory": "Soft Drinks", "price": 20, "desc": "Thums Up is a brand of cola in India. The logo is a red thumbs up. It was introduced in 1977 to offset the withdrawal of The Coca-Cola Company from India. The brand was later bought by Coca-Cola who r", "pub_date": "2021-03-15", "image": "shop/images/thums_up.jpg"}}, {"model": "shop.product", "pk": 44, "fields": {"product_name": "Coca Cola", "category": "Drinks", "subcategory": "Soft Drinks", "price": 25, "desc": "750mL.        Coca-Cola, or Coke, is a carbonated soft drink manufactured by The Coca-Cola Company.", "pub_date": "2021-03-15", "image": "shop/images/750ml-coca-cola-soft-drink-500x500.jpg"}}, {"model": "shop.product", "pk": 45, "fields": {"product_name": "Sprite", "category": "Drinks", "subcategory": "Soft Drinks", "price": 20, "desc": "Sprite is a lemon-lime flavored soft drink with a crisp, clean taste that gives you the ultimate cut-through refreshment. Sprite is a lemon-lime flavored soft drink with a crisp, clean taste that give", "pub_date": "2021-03-15", "image": "shop/images/Sprite.jpg"}}, {"model": "shop.product", "pk": 46, "fields": {"product_name": "Water", "category": "Drinks", "subcategory": "Drinks", "price": 15, "desc": "water", "pub_date": "2021-03-15", "image": "shop/images/water.jfif"}}, {"model": "shop.orders", "pk": 48, "fields": {"items_json": "{\"pr43\":[1,\"Thums Up...\",20]}", "userId": 19, "amount": 20, "name": "siva", "email": "sva@gmail.com", "address": "3333 ss", "city": "a", "state": "ds", "zip_code": "555555", "phone": "9876543213", "timestamp": "2023-11-07T10:28:31.462Z"}}, {"model": "shop.orders", "pk": 49, "fields": {"items_json": "{\"pr43\":[1,\"Thums Up...\",20],\"pr44\":[1,\"Coca Cola...\",25]}", "userId": 20, "amount": 45, "name": "siva", "email": "ss@gmail.com", "address": "22 eee", "city": "ss", "state": "sss", "zip_code": "532432", "phone": "8652934585", "timestamp": "2023-11-07T10:35:31.604Z"}}, {"model": "shop.orderupdate", "pk": 45, "fields": {"order_id": 48, "update_desc": "The Order has been Placed", "timestamp": "2023-11-07T10:28:31.948Z"}}, {"model": "shop.orderupdate", "pk": 46, "fields": {"order_id": 49, "update_desc": "The Order has been Placed", "timestamp": "2023-11-07T10:35:32.068Z"}}, {"model": "admin.logentry", "pk": 194, "fields": {"action_time": "2023-11-07T10:34:12.964Z", "user": 20, "content_type": 4, "object_id": "1", "object_repr": "dkp", "action_flag": 3, "change_message": ""}}, {"model": "admin.logentry", "pk": 195, "fields": {"action_time": "2023-11-07T10:36:34.510Z", "user": 20, "content_type": 4, "object_id": "12", "object_repr": "admin", "action_flag": 2, "change_message": "[{\"changed\": {\"fields\": [\"Email address\"]}}]"}}, {"model": "auth.permission", "pk": 1, "fields": {"name": "Can add log entry", "content_type": 1, "codename": "add_logentry"}}, {"model": "auth.permission", "pk": 2, "fields": {"name": "Can change log entry", "content_type": 1, "codename": "change_logentry"}}, {"model": "auth.permission", "pk": 3, "fields": {"name": "Can delete log entry", "content_type": 1, "codename": "delete_logentry"}}, {"model": "auth.permission", "pk": 4, "fields": {"name": "Can view log entry", "content_type": 1, "codename": "view_logentry"}}, {"model": "auth.permission", "pk": 5, "fields": {"name": "Can add permission", "content_type": 2, "codename": "add_permission"}}, {"model": "auth.permission", "pk": 6, "fields": {"name": "Can change permission", "content_type": 2, "codename": "change_permission"}}, {"model": "auth.permission", "pk": 7, "fields": {"name": "Can delete permission", "content_type": 2, "codename": "delete_permission"}}, {"model": "auth.permission", "pk": 8, "fields": {"name": "Can view permission", "content_type": 2, "codename": "view_permission"}}, {"model": "auth.permission", "pk": 9, "fields": {"name": "Can add group", "content_type": 3, "codename": "add_group"}}, {"model": "auth.permission", "pk": 10, "fields": {"name": "Can change group", "content_type": 3, "codename": "change_group"}}, {"model": "auth.permission", "pk": 11, "fields": {"name": "Can delete group", "content_type": 3, "codename": "delete_group"}}, {"model": "auth.permission", "pk": 12, "fields": {"name": "Can view group", "content_type": 3, "codename": "view_group"}}, {"model": "auth.permission", "pk": 13, "fields": {"name": "Can add user", "content_type": 4, "codename": "add_user"}}, {"model": "auth.permission", "pk": 14, "fields": {"name": "Can change user", "content_type": 4, "codename": "change_user"}}, {"model": "auth.permission", "pk": 15, "fields": {"name": "Can delete user", "content_type": 4, "codename": "delete_user"}}, {"model": "auth.permission", "pk": 16, "fields": {"name": "Can view user", "content_type": 4, "codename": "view_user"}}, {"model": "auth.permission", "pk": 17, "fields": {"name": "Can add content type", "content_type": 5, "codename": "add_contenttype"}}, {"model": "auth.permission", "pk": 18, "fields": {"name": "Can change content type", "content_type": 5, "codename": "change_contenttype"}}, {"model": "auth.permission", "pk": 19, "fields": {"name": "Can delete content type", "content_type": 5, "codename": "delete_contenttype"}}, {"model": "auth.permission", "pk": 20, "fields": {"name": "Can view content type", "content_type": 5, "codename": "view_contenttype"}}, {"model": "auth.permission", "pk": 21, "fields": {"name": "Can add session", "content_type": 6, "codename": "add_session"}}, {"model": "auth.permission", "pk": 22, "fields": {"name": "Can change session", "content_type": 6, "codename": "change_session"}}, {"model": "auth.permission", "pk": 23, "fields": {"name": "Can delete session", "content_type": 6, "codename": "delete_session"}}, {"model": "auth.permission", "pk": 24, "fields": {"name": "Can view session", "content_type": 6, "codename": "view_session"}}, {"model": "auth.permission", "pk": 25, "fields": {"name": "Can add product", "content_type": 7, "codename": "add_product"}}, {"model": "auth.permission", "pk": 26, "fields": {"name": "Can change product", "content_type": 7, "codename": "change_product"}}, {"model": "auth.permission", "pk": 27, "fields": {"name": "Can delete product", "content_type": 7, "codename": "delete_product"}}, {"model": "auth.permission", "pk": 28, "fields": {"name": "Can view product", "content_type": 7, "codename": "view_product"}}, {"model": "auth.permission", "pk": 29, "fields": {"name": "Can add product", "content_type": 8, "codename": "add_product"}}, {"model": "auth.permission", "pk": 30, "fields": {"name": "Can change product", "content_type": 8, "codename": "change_product"}}, {"model": "auth.permission", "pk": 31, "fields": {"name": "Can delete product", "content_type": 8, "codename": "delete_product"}}, {"model": "auth.permission", "pk": 32, "fields": {"name": "Can view product", "content_type": 8, "codename": "view_product"}}, {"model": "auth.permission", "pk": 33, "fields": {"name": "Can add contact", "content_type": 9, "codename": "add_contact"}}, {"model": "auth.permission", "pk": 34, "fields": {"name": "Can change contact", "content_type": 9, "codename": "change_contact"}}, {"model": "auth.permission", "pk": 35, "fields": {"name": "Can delete contact", "content_type": 9, "codename": "delete_contact"}}, {"model": "auth.permission", "pk": 36, "fields": {"name": "Can view contact", "content_type": 9, "codename": "view_contact"}}, {"model": "auth.permission", "pk": 37, "fields": {"name": "Can add orders", "content_type": 10, "codename": "add_orders"}}, {"model": "auth.permission", "pk": 38, "fields": {"name": "Can change orders", "content_type": 10, "codename": "change_orders"}}, {"model": "auth.permission", "pk": 39, "fields": {"name": "Can delete orders", "content_type": 10, "codename": "delete_orders"}}, {"model": "auth.permission", "pk": 40, "fields": {"name": "Can view orders", "content_type": 10, "codename": "view_orders"}}, {"model": "auth.permission", "pk": 41, "fields": {"name": "Can add order update", "content_type": 11, "codename": "add_orderupdate"}}, {"model": "auth.permission", "pk": 42, "fields": {"name": "Can change order update", "content_type": 11, "codename": "change_orderupdate"}}, {"model": "auth.permission", "pk": 43, "fields": {"name": "Can delete order update", "content_type": 11, "codename": "delete_orderupdate"}}, {"model": "auth.permission", "pk": 44, "fields": {"name": "Can view order update", "content_type": 11, "codename": "view_orderupdate"}}, {"model": "auth.group", "pk": 1, "fields": {"name": "Employee", "permissions": [25, 26, 27, 28, 16, 34, 35, 36, 40, 41, 42, 43, 44, 29, 30, 31, 32]}}, {"model": "auth.user", "pk": 12, "fields": {"password": "pbkdf2_sha256$216000$AykS79HgOdRK$9JFugHouFK8fmqFhZnLLRe//Plmlu6atj2NVBBtgRi0=", "last_login": "2021-03-29T05:24:39Z", "is_superuser": false, "username": "admin", "first_name": "admin", "last_name": "admin", "email": "siva12@gmail.com", "is_staff": true, "is_active": true, "date_joined": "2021-03-03T11:23:36Z", "groups": [1], "user_permissions": []}}, {"model": "auth.user", "pk": 17, "fields": {"password": "pbkdf2_sha256$216000$faO77V2jrZBk$HbeKq1DP/qoE76ptSDSrQp6PC/bh2qbLfwSQPHESdD0=", "last_login": null, "is_superuser": false, "username": "user", "first_name": "user", "last_name": "user", "email": "user@gmail.com", "is_staff": false, "is_active": true, "date_joined": "2021-03-28T10:53:14.300Z", "groups": [], "user_permissions": []}}, {"model": "auth.user", "pk": 18, "fields": {"password": "pbkdf2_sha256$600000$YnoBN1GlaUg5h8Bi6ZBthI$lS4M547RwcjYGa8L/JhJoOAFupMW2COn0yVqV5GRlAc=", "last_login": "2023-11-06T14:59:48.964Z", "is_superuser": false, "username": "siva", "first_name": "siva", "last_name": "narayana", "email": "siva@gmail.com", "is_staff": false, "is_active": true, "date_joined": "2023-11-06T14:59:21.076Z", "groups": [], "user_permissions": []}}, {"model": "auth.user", "pk": 19, "fields": {"password": "pbkdf2_sha256$600000$eLMHwlTG20ir8RyqQ4WA2j$88utPJuagUHxGl6pebz4BKsJHOAWriF2MGir4xll9/0=", "last_login": "2023-11-07T10:26:37.221Z", "is_superuser": false, "username": "narayana", "first_name": "siva", "last_name": "narayana", "email": "siva12@gmail.com", "is_staff": false, "is_active": true, "date_joined": "2023-11-07T10:26:19.417Z", "groups": [], "user_permissions": []}}, {"model": "auth.user", "pk": 20, "fields": {"password": "pbkdf2_sha256$600000$mVY1dkAbTm82EPsh5kdnL3$++QPQAntv6Zo4lqP9F4h+E7CKRNrv9iv6GiwnTpadWw=", "last_login": "2023-11-19T04:19:01.362Z", "is_superuser": true, "username": "siva1", "first_name": "", "last_name": "", "email": "siva1@gmail.com", "is_staff": true, "is_active": true, "date_joined": "2023-11-07T10:32:38.748Z", "groups": [], "user_permissions": []}}, {"model": "auth.user", "pk": 21, "fields": {"password": "pbkdf2_sha256$600000$zFMYwfyGTbGeCgduBuG7y6$eyL1QtLe/NV+8xWGyYPw3Jgyo/tMbkU1G13yWhD6Feg=", "last_login": null, "is_superuser": false, "username": "sivannarayana", "first_name": "siva", "last_name": "narayana", "email": "siva123@gmail.com", "is_staff": false, "is_active": true, "date_joined": "2023-11-19T04:18:04.002Z", "groups": [], "user_permissions": []}}, {"model": "contenttypes.contenttype", "pk": 1, "fields": {"app_label": "admin", "model": "logentry"}}, {"model": "contenttypes.contenttype", "pk": 2, "fields": {"app_label": "auth", "model": "permission"}}, {"model": "contenttypes.contenttype", "pk": 3, "fields": {"app_label": "auth", "model": "group"}}, {"model": "contenttypes.contenttype", "pk": 4, "fields": {"app_label": "auth", "model": "user"}}, {"model": "contenttypes.contenttype", "pk": 5, "fields": {"app_label": "contenttypes", "model": "contenttype"}}, {"model": "contenttypes.contenttype", "pk": 6, "fields": {"app_label": "sessions", "model": "session"}}, {"model": "contenttypes.contenttype", "pk": 7, "fields": {"app_label": "Restaurant_management_system", "model": "product"}}, {"model": "contenttypes.contenttype", "pk": 8, "fields": {"app_label": "shop", "model": "product"}}, {"model": "contenttypes.contenttype", "pk": 9, "fields": {"app_label": "shop", "model": "contact"}}, {"model": "contenttypes.contenttype", "pk": 10, "fields": {"app_label": "shop", "model": "orders"}}, {"model": "contenttypes.contenttype", "pk": 11, "fields": {"app_label": "shop", "model": "orderupdate"}}, {"model": "sessions.session", "pk": "3ppm76c9jszvf93ch04cb6x5owhhz7jm", "fields": {"session_data": ".eJxVjDsOwjAQBe_iGlm24y8lPWewdr0bHECOFCcV4u4QKQW0b2beS2TY1pq3zkueSJyFFqffDaE8uO2A7tBusyxzW5cJ5a7Ig3Z5nYmfl8P9O6jQ67d22oUy-pD0EJQZrFIWLEckKgnBYwwxgnPeq8QGk4YRXQIysaAPXrF4fwDDRTd-:1lM3xd:m-t21nefFjPR94DUzAcIO5v55JPo0Yee9u0e-QgS9P4", "expire_date": "2021-03-30T07:17:49.221Z"}}, {"model": "sessions.session", "pk": "4h83ocp1z936qm6s3sgw05mtvnztg40u", "fields": {"session_data": ".eJxVjDsOwjAQBe_iGlm24y8lPWewdr0bHECOFCcV4u4QKQW0b2beS2TY1pq3zkueSJyFFqffDaE8uO2A7tBusyxzW5cJ5a7Ig3Z5nYmfl8P9O6jQ67d22oUy-pD0EJQZrFIWLEckKgnBYwwxgnPeq8QGk4YRXQIysaAPXrF4fwDDRTd-:1lFxfD:ATejP9n-IKJyDG82O5rOB0djRmobQxPaZabDpOEDLZg", "expire_date": "2021-03-13T11:21:35.087Z"}}, {"model": "sessions.session", "pk": "5gnxm09pe0k8rqnxwwg9ubzuy9x4fl1x", "fields": {"session_data": ".eJxVjMsOwiAQRf-FtSG8SgeX7v0GMjAgVQNJaVfGf1eSLnR7zzn3xTzuW_F7T6tfiJ2ZZKffLWB8pDoA3bHeGo-tbusS-FD4QTu_NkrPy-H-HRTs5VujmiwQGas1kpidCYRgtbNTtNIoqU2Yc3YZHIAwCaQ1LkdQckQiafb-AMYGNwI:1lQkPP:2v6kj5BC9qIx0lvjZXHHf6sNWEgnvQeKnm8ukkhas7Y", "expire_date": "2021-04-12T05:25:51.571Z"}}, {"model": "sessions.session", "pk": "5z18gtsl4adesshcylibuqlq4ya4ocxo", "fields": {"session_data": ".eJxVjMsOwiAQRf-FtSGVNy7d-w1kBgapGkhKuzL-uzTpQrf3nHPfLMC2lrB1WsKc2IWJiZ1-R4T4pLqT9IB6bzy2ui4z8l3hB-381hK9rof7d1Cgl1ETOK0kSkoigwN_lhasNhYVeumUIZWFEc44oyzooWWTlCU_IKGNE_t8AQC9N8w:1r4ZGv:7B4hv9J7YWrxCDMSq8RZ1DWm85Tax8Z8m-gX0eDF14k", "expire_date": "2023-12-03T04:19:01.459Z"}}, {"model": "sessions.session", "pk": "7l6u61jtm0fu9ifs0ulinz0bv6ypuwha", "fields": {"session_data": ".eJxVjDsOwjAQBe_iGlm24y8lPWewdr0bHECOFCcV4u4QKQW0b2beS2TY1pq3zkueSJyFFqffDaE8uO2A7tBusyxzW5cJ5a7Ig3Z5nYmfl8P9O6jQ67d22oUy-pD0EJQZrFIWLEckKgnBYwwxgnPeq8QGk4YRXQIysaAPXrF4fwDDRTd-:1lL1F7:lgpdRLOUY-ohsTkotSWkTEZUZMRtv8O1fyO8__zbnuI", "expire_date": "2021-03-27T10:11:33.845Z"}}, {"model": "sessions.session", "pk": "eamgjx0ivbmur4c2yg4mh4997g327h88", "fields": {"session_data": ".eJxVjDsOwjAQBe_iGlm24y8lPWewdr0bHECOFCcV4u4QKQW0b2beS2TY1pq3zkueSJyFFqffDaE8uO2A7tBusyxzW5cJ5a7Ig3Z5nYmfl8P9O6jQ67d22oUy-pD0EJQZrFIWLEckKgnBYwwxgnPeq8QGk4YRXQIysaAPXrF4fwDDRTd-:1lHfz5:Rmua6Wm5-StBlgaCD1RZNGw0qYLXwLoKFClFnvhXDOE", "expire_date": "2021-03-18T04:53:11.663Z"}}, {"model": "sessions.session", "pk": "eiz344g02dsbycxhtizffy9l0kxm49r2", "fields": {"session_data": ".eJxVjEEOwiAQRe_C2hAgA526dO8ZCDMMUjU0Ke3KeHdt0oVu_3vvv1RM21rj1mWJU1ZnZdXpd6PED2k7yPfUbrPmua3LRHpX9EG7vs5ZnpfD_TuoqddvzUMgQwECgIeAOEhxbAsK-YJIhUZBQ1KCDexxtNZBYjbeFQTL3qn3B-CEN7Y:1r0Cos:G5slA39uG6teu0CCYuo4wR501WIXrc06aOP5fTP4ZUM", "expire_date": "2023-11-21T03:32:02.935Z"}}, {"model": "sessions.session", "pk": "fjnk2adahkfjz1npjlk0czvuwp8snnx9", "fields": {"session_data": ".eJxVjDsOwjAQBe_iGlm24y8lPWewdr0bHECOFCcV4u4QKQW0b2beS2TY1pq3zkueSJyFFqffDaE8uO2A7tBusyxzW5cJ5a7Ig3Z5nYmfl8P9O6jQ67d22oUy-pD0EJQZrFIWLEckKgnBYwwxgnPeq8QGk4YRXQIysaAPXrF4fwDDRTd-:1lFFiE:k9TCCqwsNYvxzf-lZEv9YP2k_GTZkFGTcdCXWBIBaSE", "expire_date": "2021-03-11T12:25:46.465Z"}}, {"model": "sessions.session", "pk": "ibcm9pr5mcgbfyd1rdpoiglw48ueupu6", "fields": {"session_data": ".eJxVjDsOwjAQBe_iGlm24y8lPWewdr0bHECOFCcV4u4QKQW0b2beS2TY1pq3zkueSJyFFqffDaE8uO2A7tBusyxzW5cJ5a7Ig3Z5nYmfl8P9O6jQ67d22oUy-pD0EJQZrFIWLEckKgnBYwwxgnPeq8QGk4YRXQIysaAPXrF4fwDDRTd-:1lKvsb:rgmolPHxRGmDtPm8tweXaiKjs3vcu9WG3Q55iKUUv4s", "expire_date": "2021-03-27T04:27:57.859Z"}}, {"model": "sessions.session", "pk": "qrjag4cyvyfv15im63sbpai5hit8nq31", "fields": {"session_data": ".eJxVjDsOwjAQBe_iGlm24y8lPWewdr0bHECOFCcV4u4QKQW0b2beS2TY1pq3zkueSJyFFqffDaE8uO2A7tBusyxzW5cJ5a7Ig3Z5nYmfl8P9O6jQ67d22oUy-pD0EJQZrFIWLEckKgnBYwwxgnPeq8QGk4YRXQIysaAPXrF4fwDDRTd-:1lChDh:JYJa1Gcc7RqglyvbOtJPy_FJfYyGOWQDZgdI2CXf1RQ", "expire_date": "2021-03-04T11:11:41.934Z"}}, {"model": "sessions.session", "pk": "ryvu8baupq8blj027jhlfp80k1qape7t", "fields": {"session_data": ".eJxVjDsOwjAQBe_iGlm24y8lPWewdr0bHECOFCcV4u4QKQW0b2beS2TY1pq3zkueSJyFFqffDaE8uO2A7tBusyxzW5cJ5a7Ig3Z5nYmfl8P9O6jQ67d22oUy-pD0EJQZrFIWLEckKgnBYwwxgnPeq8QGk4YRXQIysaAPXrF4fwDDRTd-:1lFVxa:I28VT6-QEjLyPJQHOaAAVX5G62pNrp4WmQZuTq558kQ", "expire_date": "2021-03-12T05:46:42.245Z"}}, {"model": "sessions.session", "pk": "t4s0zkoc5pole2zo37hnflohzwukrl3o", "fields": {"session_data": ".eJxVjDsOwjAQBe_iGlm24y8lPWewdr0bHECOFCcV4u4QKQW0b2beS2TY1pq3zkueSJyFFqffDaE8uO2A7tBusyxzW5cJ5a7Ig3Z5nYmfl8P9O6jQ67d22oUy-pD0EJQZrFIWLEckKgnBYwwxgnPeq8QGk4YRXQIysaAPXrF4fwDDRTd-:1lBEIW:8zesgJWyCK4N0ZkjlHfesOwDWJ9HtmlQt5aJDbfoZL0", "expire_date": "2021-02-28T10:06:36.826Z"}}, {"model": "sessions.session", "pk": "tohrs1n135ynuezcijgggm7oyz8wsfgv", "fields": {"session_data": ".eJxVjMsOwiAQRf-FtSG8SgeX7v0GMjAgVQNJaVfGf1eSLnR7zzn3xTzuW_F7T6tfiJ2ZZKffLWB8pDoA3bHeGo-tbusS-FD4QTu_NkrPy-H-HRTs5VujmiwQGas1kpidCYRgtbNTtNIoqU2Yc3YZHIAwCaQ1LkdQckQiafb-AMYGNwI:1mImaz:EaJLBq9VzTfrGpr7tUrLKAQVs71ASFnEys-HvcNkBrs", "expire_date": "2021-09-08T06:41:09.401Z"}}, {"model": "sessions.session", "pk": "uf63t6nkol1cp1vbv8c5nyup09zu1gdj", "fields": {"session_data": ".eJxVjMsOwiAQAP-FsyE8pLAevfsNZGEXqRqalPZk_HdD0oNeZybzFhH3rca98xpnEhehlTj9woT5yW0YemC7LzIvbVvnJEciD9vlbSF-XY_2b1Cx1_E1jhjNxKCKVz4wFFIGWeWA1oMGS85BtuAZSdtU2NjEDs8JKKTJic8XCsc4bw:1lIQFJ:J4uoMZXzScdnOEFS0572ZfagCws4cCY6NRCp65Jbrmg", "expire_date": "2021-03-20T06:17:01.196Z"}}, {"model": "sessions.session", "pk": "zyoyw2n8h0pzahrelowtldeen4nqlagp", "fields": {"session_data": ".eJxVjMsOwiAQRf-FtSG8SgeX7v0GMjAgVQNJaVfGf1eSLnR7zzn3xTzuW_F7T6tfiJ2ZZKffLWB8pDoA3bHeGo-tbusS-FD4QTu_NkrPy-H-HRTs5VujmiwQGas1kpidCYRgtbNTtNIoqU2Yc3YZHIAwCaQ1LkdQckQiafb-AMYGNwI:1lQT4J:VGOgXcqolQFsmTtJKy16JPx6IppV4drfSa0yyC840rk", "expire_date": "2021-04-11T10:54:55.040Z"}}]
